Link,Name,Price,UPC,Model Number
https://www.bjs.com/product/wellsley-farms-spring-yellow-and-blue-frosted-cookies-18-ct/3000000000004358249,"Wellsley Farms Spring Yellow and Blue Frosted Cookies, 18 ct.",5.99,10770981626045,
https://www.bjs.com/product/wellsley-farms-canola-oil-35-lbs/3000000000000199911,"Wellsley Farms Canola Oil, 35 lbs.",40.99,888670007655,
https://www.bjs.com/product/wellsley-farms-soybean-oil-35-lbs/3000000000000199921,"Wellsley Farms Soybean Oil, 35 lbs.",49.99,888670007662,
https://www.bjs.com/product/wellsley-farms-oatmeal-raisin-cookies-6-ct37-oz/3000000000000563628,"Wellsley Farms Oatmeal Raisin Cookies, 6 ct./37 oz.",9.99,201016000000,
https://www.bjs.com/product/wellsley-farms-chocolate-chunk-cookies-37-oz/3000000000000563630,"Wellsley Farms Chocolate Chunk Cookies, 37 oz.",9.99,201074000000,
https://www.bjs.com/product/wellsley-farms-combo-cookies-24-ct15-oz/3000000000000563632,"Wellsley Farms Combo Cookies, 24 ct./1.5 oz.",9.99,Not Available,
https://www.bjs.com/product/wellsley-farms-brownie-cookie-platter-119-oz/3000000000000578130,"Wellsley Farms Brownie Cookie Platter, 119 oz.",22.99,201351000000,
https://www.bjs.com/product/wellsley-farms-steak-seasoning-grinder-8-oz/3000000000000776612,"Wellsley Farms Steak Seasoning Grinder, 8 oz.",5.99,888670046548,
https://www.bjs.com/product/wellsley-farms-organic-extra-virgin-coconut-oil-54-oz/3000000000001673309,"Wellsley Farms Organic Extra Virgin Coconut Oil, 54 oz.",16.99,888670077726,
https://www.bjs.com/product/wellsley-farms-organic-naturally-refined-coconut-oil-56-oz/3000000000001673311,"Wellsley Farms Organic Naturally Refined Coconut Oil, 56 oz.",11.29,888670077733,
https://www.bjs.com/product/wellsley-farms-cooking-spray-2-pk17-oz/3000000000002386783,"Wellsley Farms Cooking Spray, 2 pk./17 oz.",8.99,888670098547,
https://www.bjs.com/product/wellsley-farms-minced-garlic-with-water-2-lbs/3000000000002732793,"Wellsley Farms Minced Garlic with Water, 2 lbs.",4.99,Not Available,
https://www.bjs.com/product/wellsley-farms-granulated-garlic-221-oz/3000000000002732795,"Wellsley Farms Granulated Garlic, 22.1 oz.",7.49,888670105788,
https://www.bjs.com/product/wellsley-farms-avocado-oil-2l/3000000000003011277,"Wellsley Farms Avocado Oil, 2L",21.99,888670108697,
https://www.bjs.com/product/wellsley-farms-black-and-white-cookies-24-oz/3000000000003100247,"Wellsley Farms Black and White Cookies, 24 oz.",8.99,895939001477,
https://www.bjs.com/product/wellsley-farms-coconut-macaroons-186-oz/3000000000003101251,"Wellsley Farms Coconut Macaroons, 18.6 oz.",10.99,Not Available,
https://www.bjs.com/product/wellsley-farms-vanilla-frosted-cookies-18-ct/3000000000003109769,"Wellsley Farms Vanilla Frosted Cookies, 18 ct.",5.99,10770981626038,
https://www.bjs.com/product/wellsley-farms-everything-bagel-seasoning-115-oz/3000000000003330747,"Wellsley Farms Everything Bagel Seasoning, 11.5 oz.",5.99,Not Available,
https://www.bjs.com/product/wellsley-farms-grilling-spray-2-pk5-oz/3000000000003512755,"Wellsley Farms Grilling Spray, 2 pk./5 oz.",4.99,888670122662,
https://www.bjs.com/product/wellsley-farms-avocado-oil-spray-2-pk7-oz/3000000000003661771,"Wellsley Farms Avocado Oil Spray, 2 pk./7 oz.",Member Only,888670123492,
https://www.bjs.com/product/wellsley-farms-pure-ground-pepper-175-oz/3000000000003894247,"Wellsley Farms Pure Ground Pepper, 17.5 oz.",7.99,888670130292,
https://www.bjs.com/product/wellsley-farms-table-grind-pepper-16-oz/3000000000003894249,"Wellsley Farms Table Grind Pepper, 16 oz.",7.99,888670130308,
https://www.bjs.com/product/wellsley-farms-ground-cinnamon-16-oz/3000000000003894251,"Wellsley Farms Ground Cinnamon, 16 oz.",6.99,888670130315,
https://www.bjs.com/product/wellsley-farms-organic-extra-virgin-olive-oil-spray-2pk7-oz/3000000000003932355,"Wellsley Farms Organic Extra Virgin Olive Oil Spray, 2pk./7 oz.",Member Only,888670130926,
https://www.bjs.com/product/wellsley-farms-whole-bay-leaves-15-oz/3000000000004062257,"Wellsley Farms Whole Bay Leaves, 1.5 oz.",7.49,886701332936,
https://www.bjs.com/product/wellsley-farms-ground-tumeric-18-oz/3000000000004062263,"Wellsley Farms Ground Tumeric, 18 oz.",7.49,886701333162,
https://www.bjs.com/product/wellsley-farms-ground-cumin-14-oz/3000000000004062265,"Wellsley Farms Ground Cumin, 14 oz.",9.49,886701333230,
https://www.bjs.com/product/wellsley-farms-ground-ginger-14-oz/3000000000004062267,"Wellsley Farms Ground Ginger, 14 oz.",8.79,886701333308,
https://www.bjs.com/product/wellsley-farms-paprika-175-oz/3000000000004062269,"Wellsley Farms Paprika, 17.5 oz.",9.49,Not Available,
https://www.bjs.com/product/wellsley-farms-parsley-flakes-27-oz/3000000000004062271,"Wellsley Farms Parsley Flakes, 2.7 oz.",5.49,Not Available,
https://www.bjs.com/product/wellsley-farms-oregano-59-oz/3000000000004062275,"Wellsley Farms Oregano, 5.9 oz.",6.99,Not Available,
https://www.bjs.com/product/wellsley-farms-whole-black-peppercorns-185-oz/3000000000004062277,"Wellsley Farms Whole Black Peppercorns, 18.5 oz.",9.99,Not Available,
https://www.bjs.com/product/wellsley-farms-crushed-red-pepper-135-oz/3000000000004062279,"Wellsley Farms Crushed Red Pepper, 13.5 oz.",5.99,Not Available,
https://www.bjs.com/product/wellsley-farms-chopped-onions-15-oz/3000000000004062281,"Wellsley Farms Chopped Onions, 15 oz.",6.99,Not Available,
https://www.bjs.com/product/wellsley-farms-dark-chili-powder-20-oz/3000000000004062283,"Wellsley Farms Dark Chili Powder, 20 oz.",8.99,Not Available,
https://www.bjs.com/product/wellsley-farms-thyme-leaves-64-oz/3000000000004062285,"Wellsley Farms Thyme Leaves, 6.4 oz.",5.49,Not Available,
https://www.bjs.com/product/wellsley-farms-ground-cayenne-red-pepper-17-oz/3000000000004062287,"Wellsley Farms Ground Cayenne Red Pepper, 17 oz.",7.99,Not Available,
https://www.bjs.com/product/wellsley-farms-everything-italian-seasoning-grinder-55-oz/3000000000004100747,"Wellsley Farms Everything Italian Seasoning Grinder, 5.5 oz.",5.99,Not Available,
https://www.bjs.com/product/wellsley-farms-smoky-buttery-garlic-and-herb-grinder-81-oz/3000000000004100749,"Wellsley Farms Smoky Buttery Garlic and Herb Grinder, 8.1 oz.",5.99,Not Available,
https://www.bjs.com/product/wellsley-farms-canola-oil-5-qt/3000000000004252387,"Wellsley Farms Canola Oil, 5 qt.",12.99,888670140703,
